{
  "HTTP Request - Get By AuthorId" : {
    "transaction" : "HTTP Request - Get By AuthorId",
    "sampleCount" : 50,
    "errorCount" : 0,
    "errorPct" : 0.0,
    "meanResTime" : 155.90000000000003,
    "medianResTime" : 141.0,
    "minResTime" : 131.0,
    "maxResTime" : 451.0,
    "pct1ResTime" : 187.0,
    "pct2ResTime" : 249.89999999999992,
    "pct3ResTime" : 451.0,
    "throughput" : 4.55083280240284,
    "receivedKBytesPerSec" : 1.195038027896605,
    "sentKBytesPerSec" : 0.8124836454446164
  },
  "HTTP Request - Delete By AuthorId" : {
    "transaction" : "HTTP Request - Delete By AuthorId",
    "sampleCount" : 50,
    "errorCount" : 0,
    "errorPct" : 0.0,
    "meanResTime" : 159.64000000000004,
    "medianResTime" : 140.0,
    "minResTime" : 132.0,
    "maxResTime" : 618.0,
    "pct1ResTime" : 182.2,
    "pct2ResTime" : 298.09999999999974,
    "pct3ResTime" : 618.0,
    "throughput" : 4.438526409232135,
    "receivedKBytesPerSec" : 1.1654599422991567,
    "sentKBytesPerSec" : 0.7924330059920106
  },
  "HTTP Request - Get By BookId" : {
    "transaction" : "HTTP Request - Get By BookId",
    "sampleCount" : 50,
    "errorCount" : 0,
    "errorPct" : 0.0,
    "meanResTime" : 161.4200000000001,
    "medianResTime" : 141.5,
    "minResTime" : 132.0,
    "maxResTime" : 639.0,
    "pct1ResTime" : 218.19999999999993,
    "pct2ResTime" : 261.29999999999995,
    "pct3ResTime" : 639.0,
    "throughput" : 4.513042693383879,
    "receivedKBytesPerSec" : 1.968021566702771,
    "sentKBytesPerSec" : 0.8674385379998194
  },
  "HTTP Request - Create Authors" : {
    "transaction" : "HTTP Request - Create Authors",
    "sampleCount" : 50,
    "errorCount" : 0,
    "errorPct" : 0.0,
    "meanResTime" : 1291.1999999999996,
    "medianResTime" : 644.0,
    "minResTime" : 546.0,
    "maxResTime" : 5165.0,
    "pct1ResTime" : 2959.7999999999997,
    "pct2ResTime" : 4119.799999999992,
    "pct3ResTime" : 5165.0,
    "throughput" : 3.9397998581672047,
    "receivedKBytesPerSec" : 1.0206544007564415,
    "sentKBytesPerSec" : 1.1283833031282011
  },
  "Total" : {
    "transaction" : "Total",
    "sampleCount" : 300,
    "errorCount" : 0,
    "errorPct" : 0.0,
    "meanResTime" : 448.5233333333334,
    "medianResTime" : 148.5,
    "minResTime" : 131.0,
    "maxResTime" : 5165.0,
    "pct1ResTime" : 945.6000000000001,
    "pct2ResTime" : 1927.8999999999974,
    "pct3ResTime" : 3271.090000000001,
    "throughput" : 20.93071931905393,
    "receivedKBytesPerSec" : 167.46892006209447,
    "sentKBytesPerSec" : 4.566262623840089
  },
  "HTTP Request - Update Authors" : {
    "transaction" : "HTTP Request - Update Authors",
    "sampleCount" : 50,
    "errorCount" : 0,
    "errorPct" : 0.0,
    "meanResTime" : 154.83999999999997,
    "medianResTime" : 138.5,
    "minResTime" : 132.0,
    "maxResTime" : 459.0,
    "pct1ResTime" : 188.9,
    "pct2ResTime" : 215.3499999999999,
    "pct3ResTime" : 459.0,
    "throughput" : 4.59896983075791,
    "receivedKBytesPerSec" : 1.2297753115802061,
    "sentKBytesPerSec" : 1.3681935246504784
  },
  "HTTP Request - Get all authors" : {
    "transaction" : "HTTP Request - Get all authors",
    "sampleCount" : 50,
    "errorCount" : 0,
    "errorPct" : 0.0,
    "meanResTime" : 768.1399999999998,
    "medianResTime" : 450.5,
    "minResTime" : 282.0,
    "maxResTime" : 3181.0,
    "pct1ResTime" : 1909.0999999999995,
    "pct2ResTime" : 2504.449999999997,
    "pct3ResTime" : 3181.0,
    "throughput" : 4.375601645226219,
    "receivedKBytesPerSec" : 203.54828818259386,
    "sentKBytesPerSec" : 0.7691487266999213
  }
}