{
  "HTTP Request - Get By AuthorId" : {
    "transaction" : "HTTP Request - Get By AuthorId",
    "sampleCount" : 10,
    "errorCount" : 0,
    "errorPct" : 0.0,
    "meanResTime" : 141.29999999999998,
    "medianResTime" : 140.0,
    "minResTime" : 136.0,
    "maxResTime" : 155.0,
    "pct1ResTime" : 153.9,
    "pct2ResTime" : 155.0,
    "pct3ResTime" : 155.0,
    "throughput" : 4.5392646391284615,
    "receivedKBytesPerSec" : 1.180474778710849,
    "sentKBytesPerSec" : 0.8072266511575126
  },
  "HTTP Request - Delete By AuthorId" : {
    "transaction" : "HTTP Request - Delete By AuthorId",
    "sampleCount" : 10,
    "errorCount" : 0,
    "errorPct" : 0.0,
    "meanResTime" : 137.9,
    "medianResTime" : 137.0,
    "minResTime" : 135.0,
    "maxResTime" : 147.0,
    "pct1ResTime" : 146.2,
    "pct2ResTime" : 147.0,
    "pct3ResTime" : 147.0,
    "throughput" : 4.4543429844097995,
    "receivedKBytesPerSec" : 1.1583901726057906,
    "sentKBytesPerSec" : 0.7921248608017817
  },
  "HTTP Request - Get By BookId" : {
    "transaction" : "HTTP Request - Get By BookId",
    "sampleCount" : 10,
    "errorCount" : 0,
    "errorPct" : 0.0,
    "meanResTime" : 145.79999999999998,
    "medianResTime" : 140.5,
    "minResTime" : 136.0,
    "maxResTime" : 182.0,
    "pct1ResTime" : 179.60000000000002,
    "pct2ResTime" : 182.0,
    "pct3ResTime" : 182.0,
    "throughput" : 4.4543429844097995,
    "receivedKBytesPerSec" : 1.6947383073496658,
    "sentKBytesPerSec" : 0.8530240812917594
  },
  "HTTP Request - Create Authors" : {
    "transaction" : "HTTP Request - Create Authors",
    "sampleCount" : 10,
    "errorCount" : 0,
    "errorPct" : 0.0,
    "meanResTime" : 631.0,
    "medianResTime" : 587.0,
    "minResTime" : 575.0,
    "maxResTime" : 896.0,
    "pct1ResTime" : 879.8000000000001,
    "pct2ResTime" : 896.0,
    "pct3ResTime" : 896.0,
    "throughput" : 3.713330857779428,
    "receivedKBytesPerSec" : 0.9515410323059784,
    "sentKBytesPerSec" : 1.0530774229483846
  },
  "Total" : {
    "transaction" : "Total",
    "sampleCount" : 60,
    "errorCount" : 0,
    "errorPct" : 0.0,
    "meanResTime" : 253.4833333333333,
    "medianResTime" : 142.5,
    "minResTime" : 135.0,
    "maxResTime" : 896.0,
    "pct1ResTime" : 586.4,
    "pct2ResTime" : 602.5,
    "pct3ResTime" : 896.0,
    "throughput" : 16.295491580662684,
    "receivedKBytesPerSec" : 129.92312686719174,
    "sentKBytesPerSec" : 3.537850947175448
  },
  "HTTP Request - Update Authors" : {
    "transaction" : "HTTP Request - Update Authors",
    "sampleCount" : 10,
    "errorCount" : 0,
    "errorPct" : 0.0,
    "meanResTime" : 148.6,
    "medianResTime" : 139.5,
    "minResTime" : 136.0,
    "maxResTime" : 232.0,
    "pct1ResTime" : 223.10000000000002,
    "pct2ResTime" : 232.0,
    "pct3ResTime" : 232.0,
    "throughput" : 4.549590536851683,
    "receivedKBytesPerSec" : 1.213372241810737,
    "sentKBytesPerSec" : 1.3471053230209282
  },
  "HTTP Request - Get all authors" : {
    "transaction" : "HTTP Request - Get all authors",
    "sampleCount" : 10,
    "errorCount" : 0,
    "errorPct" : 0.0,
    "meanResTime" : 316.3,
    "medianResTime" : 288.0,
    "minResTime" : 279.0,
    "maxResTime" : 554.0,
    "pct1ResTime" : 529.7,
    "pct2ResTime" : 554.0,
    "pct3ResTime" : 554.0,
    "throughput" : 4.444444444444445,
    "receivedKBytesPerSec" : 206.28515625,
    "sentKBytesPerSec" : 0.78125
  }
}