{
  "HTTP Request - Get By AuthorId" : {
    "transaction" : "HTTP Request - Get By AuthorId",
    "sampleCount" : 25,
    "errorCount" : 0,
    "errorPct" : 0.0,
    "meanResTime" : 152.07999999999998,
    "medianResTime" : 138.0,
    "minResTime" : 134.0,
    "maxResTime" : 437.0,
    "pct1ResTime" : 157.8,
    "pct2ResTime" : 354.4999999999998,
    "pct3ResTime" : 437.0,
    "throughput" : 5.406574394463667,
    "receivedKBytesPerSec" : 1.4145795036764708,
    "sentKBytesPerSec" : 0.9643132298875433
  },
  "HTTP Request - Delete By AuthorId" : {
    "transaction" : "HTTP Request - Delete By AuthorId",
    "sampleCount" : 25,
    "errorCount" : 0,
    "errorPct" : 0.0,
    "meanResTime" : 139.36,
    "medianResTime" : 139.0,
    "minResTime" : 134.0,
    "maxResTime" : 148.0,
    "pct1ResTime" : 144.4,
    "pct2ResTime" : 147.1,
    "pct3ResTime" : 148.0,
    "throughput" : 5.412426932236414,
    "receivedKBytesPerSec" : 1.4161107653171683,
    "sentKBytesPerSec" : 0.9653570848668543
  },
  "HTTP Request - Get By BookId" : {
    "transaction" : "HTTP Request - Get By BookId",
    "sampleCount" : 25,
    "errorCount" : 0,
    "errorPct" : 0.0,
    "meanResTime" : 140.12,
    "medianResTime" : 140.0,
    "minResTime" : 134.0,
    "maxResTime" : 152.0,
    "pct1ResTime" : 147.4,
    "pct2ResTime" : 150.8,
    "pct3ResTime" : 152.0,
    "throughput" : 5.4089138900908695,
    "receivedKBytesPerSec" : 2.2937175465166595,
    "sentKBytesPerSec" : 1.0386804954565123
  },
  "HTTP Request - Create Authors" : {
    "transaction" : "HTTP Request - Create Authors",
    "sampleCount" : 25,
    "errorCount" : 0,
    "errorPct" : 0.0,
    "meanResTime" : 646.44,
    "medianResTime" : 570.0,
    "minResTime" : 553.0,
    "maxResTime" : 1380.0,
    "pct1ResTime" : 956.2000000000008,
    "pct2ResTime" : 1327.1999999999998,
    "pct3ResTime" : 1380.0,
    "throughput" : 4.671150971599403,
    "receivedKBytesPerSec" : 1.2068356455530642,
    "sentKBytesPerSec" : 1.3345624299327354
  },
  "Total" : {
    "transaction" : "Total",
    "sampleCount" : 150,
    "errorCount" : 0,
    "errorPct" : 0.0,
    "meanResTime" : 264.85333333333324,
    "medianResTime" : 141.0,
    "minResTime" : 134.0,
    "maxResTime" : 1380.0,
    "pct1ResTime" : 569.8,
    "pct2ResTime" : 624.8,
    "pct3ResTime" : 1290.2400000000016,
    "throughput" : 23.651844843897823,
    "receivedKBytesPerSec" : 188.74018202065596,
    "sentKBytesPerSec" : 5.1536692388047936
  },
  "HTTP Request - Update Authors" : {
    "transaction" : "HTTP Request - Update Authors",
    "sampleCount" : 25,
    "errorCount" : 0,
    "errorPct" : 0.0,
    "meanResTime" : 139.84,
    "medianResTime" : 138.0,
    "minResTime" : 134.0,
    "maxResTime" : 166.0,
    "pct1ResTime" : 148.0,
    "pct2ResTime" : 161.5,
    "pct3ResTime" : 166.0,
    "throughput" : 5.57911180540058,
    "receivedKBytesPerSec" : 1.490886869560366,
    "sentKBytesPerSec" : 1.6578243556125865
  },
  "HTTP Request - Get all authors" : {
    "transaction" : "HTTP Request - Get all authors",
    "sampleCount" : 25,
    "errorCount" : 0,
    "errorPct" : 0.0,
    "meanResTime" : 371.28,
    "medianResTime" : 300.0,
    "minResTime" : 282.0,
    "maxResTime" : 1044.0,
    "pct1ResTime" : 542.2000000000005,
    "pct2ResTime" : 933.5999999999997,
    "pct3ResTime" : 1044.0,
    "throughput" : 5.399568034557235,
    "receivedKBytesPerSec" : 250.57602423056156,
    "sentKBytesPerSec" : 0.9491428185745141
  }
}