{
  "HTTP Request - Get By AuthorId" : {
    "transaction" : "HTTP Request - Get By AuthorId",
    "sampleCount" : 100,
    "errorCount" : 0,
    "errorPct" : 0.0,
    "meanResTime" : 180.42999999999995,
    "medianResTime" : 149.5,
    "minResTime" : 134.0,
    "maxResTime" : 676.0,
    "pct1ResTime" : 238.60000000000008,
    "pct2ResTime" : 439.95,
    "pct3ResTime" : 675.4399999999997,
    "throughput" : 4.856254856254856,
    "receivedKBytesPerSec" : 1.2778969077797204,
    "sentKBytesPerSec" : 0.8674390388257577
  },
  "HTTP Request - Delete By AuthorId" : {
    "transaction" : "HTTP Request - Delete By AuthorId",
    "sampleCount" : 100,
    "errorCount" : 0,
    "errorPct" : 0.0,
    "meanResTime" : 218.94999999999996,
    "medianResTime" : 152.0,
    "minResTime" : 135.0,
    "maxResTime" : 698.0,
    "pct1ResTime" : 454.8,
    "pct2ResTime" : 639.55,
    "pct3ResTime" : 697.98,
    "throughput" : 4.830684507994783,
    "receivedKBytesPerSec" : 1.271168210472924,
    "sentKBytesPerSec" : 0.8628715853098884
  },
  "HTTP Request - Get By BookId" : {
    "transaction" : "HTTP Request - Get By BookId",
    "sampleCount" : 100,
    "errorCount" : 0,
    "errorPct" : 0.0,
    "meanResTime" : 181.06,
    "medianResTime" : 149.5,
    "minResTime" : 134.0,
    "maxResTime" : 625.0,
    "pct1ResTime" : 280.00000000000006,
    "pct2ResTime" : 432.7499999999995,
    "pct3ResTime" : 623.4799999999992,
    "throughput" : 4.837461300309598,
    "receivedKBytesPerSec" : 2.0330092486213234,
    "sentKBytesPerSec" : 0.9302192428163699
  },
  "HTTP Request - Create Authors" : {
    "transaction" : "HTTP Request - Create Authors",
    "sampleCount" : 100,
    "errorCount" : 0,
    "errorPct" : 0.0,
    "meanResTime" : 871.94,
    "medianResTime" : 708.0,
    "minResTime" : 545.0,
    "maxResTime" : 2947.0,
    "pct1ResTime" : 1522.0000000000005,
    "pct2ResTime" : 1908.849999999996,
    "pct3ResTime" : 2945.349999999999,
    "throughput" : 4.8828125,
    "receivedKBytesPerSec" : 1.2667655944824219,
    "sentKBytesPerSec" : 1.4002799987792969
  },
  "Total" : {
    "transaction" : "Total",
    "sampleCount" : 600,
    "errorCount" : 0,
    "errorPct" : 0.0,
    "meanResTime" : 387.6099999999997,
    "medianResTime" : 170.5,
    "minResTime" : 134.0,
    "maxResTime" : 2947.0,
    "pct1ResTime" : 800.9,
    "pct2ResTime" : 1210.4999999999993,
    "pct3ResTime" : 1925.3400000000006,
    "throughput" : 26.95781102574471,
    "receivedKBytesPerSec" : 215.62370125129172,
    "sentKBytesPerSec" : 5.884823454418834
  },
  "HTTP Request - Update Authors" : {
    "transaction" : "HTTP Request - Update Authors",
    "sampleCount" : 100,
    "errorCount" : 0,
    "errorPct" : 0.0,
    "meanResTime" : 186.82,
    "medianResTime" : 145.0,
    "minResTime" : 134.0,
    "maxResTime" : 726.0,
    "pct1ResTime" : 320.70000000000005,
    "pct2ResTime" : 371.5499999999999,
    "pct3ResTime" : 723.9399999999989,
    "throughput" : 4.856726566294317,
    "receivedKBytesPerSec" : 1.29917435648373,
    "sentKBytesPerSec" : 1.4457773039096649
  },
  "HTTP Request - Get all authors" : {
    "transaction" : "HTTP Request - Get all authors",
    "sampleCount" : 100,
    "errorCount" : 0,
    "errorPct" : 0.0,
    "meanResTime" : 686.4600000000002,
    "medianResTime" : 545.0,
    "minResTime" : 290.0,
    "maxResTime" : 1934.0,
    "pct1ResTime" : 1360.5000000000002,
    "pct2ResTime" : 1661.6999999999998,
    "pct3ResTime" : 1933.2599999999995,
    "throughput" : 4.817651876475407,
    "receivedKBytesPerSec" : 224.10695601182732,
    "sentKBytesPerSec" : 0.8468528689116924
  }
}